{
    "version": "2.0.0",
    "tasks": [
      {
        "label": "Create Zip Archive",
        "type": "shell",
        "command": "powershell",
        "args": [
          "-NoProfile",
          "-ExecutionPolicy",
          "Bypass",
          "-Command",
          "& { $sourcePath = Get-ChildItem -Path . -Exclude 'dist' -File -Recurse; Compress-Archive -Path $sourcePath -DestinationPath .\\dist\\firefox-build.zip -Force }"
        ],
        "group": {
          "kind": "build",
          "isDefault": true
        },
        "problemMatcher": []
      }
    ]
  }
  